{"CreationDate":"\/Date(-62135596800000)\/","AverageQuestionsPerDay":0,"AverageAnswersPerDay":0,"AveragePostsPerDay":0,"Views":0,"UpVotes":0,"DownVotes":0,"AccountId":12391,"LastAccessDate":"\/Date(-62135596800000)\/","Reputation":0,"PostStats":{"PostsMade":0,"TotalViews":0,"Questions":46,"TotalWordsForQuestions":7242,"TotalWordsForAnswers":26170,"TotalTitleWordCount":356,"HighestScoredQuestion":14,"LowestScoredQuestion":-1,"TotalCommentsOnQuestions":0,"Answers":143,"HighestScoredAnswer":64,"LowestScoredAnswer":-8,"TotalCommentsOnPosts":0,"TotalCommentsOnAnswers":0,"TotalAcceptedAnswers":0,"AverageWordsPerAnswer":183.006993006993,"AverageViewsPerPost":0,"AverageAcceptedAnswers":0,"LongestQuestionWordCount":395,"ShortestQuestionWordCount":17,"LongestAnswerWordCount":725,"ShortestAnswerWordCount":42,"LongestQuestionTitleWordCount":14,"AverageQuestionTitleWordCount":0,"AverageWordsPerQuestion":157.434782608696,"QuestionIds":[28238,28240,44301,44694,45278,45283,45330,45617,46719,46747,46800,46950,46952,46953,46958,47001,47006,47243,47345,47643,47647,47895,47909,47997,48102,48263,48898,48903,49056,49353,49438,49793,49906,49908,49999,51583,52693,54098,54136,54496,55028,56535,62120,63024,63967,64627],"AnswerIds":[28538,37538,44983,45000,45056,45121,45126,45209,45211,45217,45290,45305,45419,45420,45448,45501,45507,45550,45559,45604,45652,45697,45809,45899,46242,46248,46255,46292,46306,46347,46448,46457,46529,46535,46575,46630,46653,46729,46757,46804,46818,46820,46825,46841,46852,46875,46935,46937,46940,46946,47023,47068,47083,47114,47161,47166,47197,47232,47272,47586,47592,47620,47889,47936,47940,48009,48016,48028,48259,48285,48363,48383,48519,48568,48589,48713,48965,49057,49387,49507,49553,49702,49707,49720,49726,49803,49877,49929,49955,50157,50159,51538,51660,51666,51717,52130,53790,53983,53986,54080,54217,54322,54391,54422,54540,54711,54720,54788,54793,55052,55119,55123,55270,55292,55296,55334,55343,55350,55384,55399,55483,55839,55906,56037,56385,56392,56405,56599,56625,56674,56718,56730,56738,58989,61430,62046,62165,62187,62831,63338,63582,63732,63739],"Id":null},"BadgeStats":{"TotalBadges":0,"TotalTagBadges":0,"Badges":[{"Id":0,"Class":3,"TagBased":false,"DateEarned":"\/Date(1410250850287)\/","Name":"Editor"},{"Id":0,"Class":3,"TagBased":false,"DateEarned":"\/Date(1410253779003)\/","Name":"Scholar"},{"Id":0,"Class":3,"TagBased":false,"DateEarned":"\/Date(1410253779003)\/","Name":"Supporter"},{"Id":0,"Class":3,"TagBased":false,"DateEarned":"\/Date(1410254079293)\/","Name":"Student"},{"Id":0,"Class":3,"TagBased":false,"DateEarned":"\/Date(1410769319957)\/","Name":"Commentator"},{"Id":0,"Class":3,"TagBased":false,"DateEarned":"\/Date(1411590253137)\/","Name":"Autobiographer"},{"Id":0,"Class":3,"TagBased":false,"DateEarned":"\/Date(1431000779203)\/","Name":"Teacher"},{"Id":0,"Class":2,"TagBased":false,"DateEarned":"\/Date(1431001079247)\/","Name":"Yearling"},{"Id":0,"Class":3,"TagBased":false,"DateEarned":"\/Date(1431011740033)\/","Name":"Nice Answer"},{"Id":0,"Class":3,"TagBased":false,"DateEarned":"\/Date(1431012633530)\/","Name":"Citizen Patrol"},{"Id":0,"Class":3,"TagBased":false,"DateEarned":"\/Date(1431016263657)\/","Name":"Mortarboard"},{"Id":0,"Class":3,"TagBased":false,"DateEarned":"\/Date(1431022835890)\/","Name":"Nice Answer"},{"Id":0,"Class":2,"TagBased":false,"DateEarned":"\/Date(1431062236647)\/","Name":"Enlightened"},{"Id":0,"Class":2,"TagBased":false,"DateEarned":"\/Date(1431064190020)\/","Name":"Good Answer"},{"Id":0,"Class":3,"TagBased":false,"DateEarned":"\/Date(1431915578260)\/","Name":"Nice Answer"},{"Id":0,"Class":3,"TagBased":false,"DateEarned":"\/Date(1432017072410)\/","Name":"Curious"},{"Id":0,"Class":2,"TagBased":false,"DateEarned":"\/Date(1432225111643)\/","Name":"Enlightened"},{"Id":0,"Class":3,"TagBased":false,"DateEarned":"\/Date(1432387488283)\/","Name":"Nice Answer"},{"Id":0,"Class":3,"TagBased":false,"DateEarned":"\/Date(1432932193487)\/","Name":"Nice Answer"},{"Id":0,"Class":3,"TagBased":false,"DateEarned":"\/Date(1433019123587)\/","Name":"Nice Answer"},{"Id":0,"Class":3,"TagBased":false,"DateEarned":"\/Date(1433371771883)\/","Name":"Custodian"},{"Id":0,"Class":2,"TagBased":false,"DateEarned":"\/Date(1433467427380)\/","Name":"Enthusiast"},{"Id":0,"Class":3,"TagBased":false,"DateEarned":"\/Date(1433520418413)\/","Name":"Nice Answer"},{"Id":0,"Class":3,"TagBased":false,"DateEarned":"\/Date(1433969579910)\/","Name":"Nice Question"},{"Id":0,"Class":3,"TagBased":false,"DateEarned":"\/Date(1434046077173)\/","Name":"Nice Answer"},{"Id":0,"Class":3,"TagBased":false,"DateEarned":"\/Date(1434538652323)\/","Name":"Critic"},{"Id":0,"Class":3,"TagBased":false,"DateEarned":"\/Date(1434987273313)\/","Name":"Nice Answer"},{"Id":0,"Class":2,"TagBased":false,"DateEarned":"\/Date(1435052430480)\/","Name":"Good Answer"},{"Id":0,"Class":3,"TagBased":false,"DateEarned":"\/Date(1435744076977)\/","Name":"Popular Question"},{"Id":0,"Class":3,"TagBased":false,"DateEarned":"\/Date(1435915761597)\/","Name":"Explainer"},{"Id":0,"Class":3,"TagBased":false,"DateEarned":"\/Date(1435982309957)\/","Name":"Nice Answer"},{"Id":0,"Class":2,"TagBased":false,"DateEarned":"\/Date(1438465677240)\/","Name":"Good Answer"},{"Id":0,"Class":3,"TagBased":false,"DateEarned":"\/Date(1438511669660)\/","Name":"Organizer"},{"Id":0,"Class":2,"TagBased":false,"DateEarned":"\/Date(1441679228387)\/","Name":"Pundit"},{"Id":0,"Class":3,"TagBased":false,"DateEarned":"\/Date(1442520809120)\/","Name":"Nice Answer"},{"Id":0,"Class":3,"TagBased":false,"DateEarned":"\/Date(1442568841310)\/","Name":"Nice Question"},{"Id":0,"Class":3,"TagBased":false,"DateEarned":"\/Date(1442569441907)\/","Name":"Popular Question"},{"Id":0,"Class":3,"TagBased":false,"DateEarned":"\/Date(1442838841550)\/","Name":"Nice Answer"},{"Id":0,"Class":2,"TagBased":false,"DateEarned":"\/Date(1443504544153)\/","Name":"Civic Duty"},{"Id":0,"Class":3,"TagBased":false,"DateEarned":"\/Date(1443708555427)\/","Name":"Nice Answer"},{"Id":0,"Class":2,"TagBased":false,"DateEarned":"\/Date(1443811514770)\/","Name":"Enlightened"},{"Id":0,"Class":3,"TagBased":false,"DateEarned":"\/Date(1444009974547)\/","Name":"Nice Answer"},{"Id":0,"Class":2,"TagBased":false,"DateEarned":"\/Date(1444046360113)\/","Name":"Good Answer"},{"Id":0,"Class":1,"TagBased":false,"DateEarned":"\/Date(1445560123300)\/","Name":"Fanatic"},{"Id":0,"Class":3,"TagBased":false,"DateEarned":"\/Date(1445646815227)\/","Name":"Proofreader"},{"Id":0,"Class":3,"TagBased":false,"DateEarned":"\/Date(1448639747180)\/","Name":"Popular Question"},{"Id":0,"Class":3,"TagBased":false,"DateEarned":"\/Date(1448973391187)\/","Name":"Quorum"},{"Id":0,"Class":3,"TagBased":false,"DateEarned":"\/Date(1452477853983)\/","Name":"Nice Answer"},{"Id":0,"Class":3,"TagBased":true,"DateEarned":"\/Date(1453431637120)\/","Name":"publications"},{"Id":0,"Class":3,"TagBased":false,"DateEarned":"\/Date(1455816085670)\/","Name":"Nice Answer"},{"Id":0,"Class":2,"TagBased":false,"DateEarned":"\/Date(1456427920053)\/","Name":"Yearling"},{"Id":0,"Class":3,"TagBased":false,"DateEarned":"\/Date(1456544953353)\/","Name":"Promoter"}],"Id":null,"MostEarnedBadge":null},"CommentStats":{"Comments":578,"LongestCommentWordCount":105,"ShortestCommentWordCount":2,"AverageCommentWordCount":45.9930795847751,"AverageCommentScore":0.619377162629758,"TotalCommentWordCount":26584,"HighestScoredComment":27,"LowestScoredComment":0,