{"CreationDate":"\/Date(1420128723053)\/","AverageQuestionsPerDay":0,"AverageAnswersPerDay":0,"AveragePostsPerDay":0,"Views":0,"UpVotes":2,"DownVotes":0,"AccountId":2692,"LastAccessDate":"\/Date(1453077572910)\/","Reputation":101,"PostStats":{"PostsMade":0,"TotalViews":0,"Questions":51,"TotalWordsForQuestions":8322,"TotalWordsForAnswers":31498,"TotalTitleWordCount":480,"HighestScoredQuestion":33,"LowestScoredQuestion":0,"TotalCommentsOnQuestions":0,"Answers":164,"HighestScoredAnswer":156,"LowestScoredAnswer":-1,"TotalCommentsOnPosts":0,"TotalCommentsOnAnswers":0,"TotalAcceptedAnswers":0,"AverageWordsPerAnswer":192.060975609756,"AverageViewsPerPost":0,"AverageAcceptedAnswers":0,"LongestQuestionWordCount":367,"ShortestQuestionWordCount":43,"LongestAnswerWordCount":646,"ShortestAnswerWordCount":35,"LongestQuestionTitleWordCount":18,"AverageQuestionTitleWordCount":0,"AverageWordsPerQuestion":163.176470588235,"QuestionIds":[3426,5312,5567,7450,8460,8855,8968,9085,9251,9393,9554,9745,9894,10040,10089,10214,10493,10547,10636,10767,10823,10857,11014,11294,11295,11696,12529,12866,12956,14323,14584,14754,15589,15590,20554,20595,21684,24267,25853,26472,27135,34152,34330,34428,36470,36963,37520,41322,41793,43353,44442],"AnswerIds":[3412,5251,5261,5365,5498,5703,5766,5845,6177,6178,7319,7726,7892,7893,8155,8448,8466,8652,8672,8807,8818,8935,8963,9002,9005,9016,9253,9310,9500,9688,9831,9883,9980,10027,10046,10091,10159,10213,10238,10349,10542,10543,10662,10677,10901,11062,11129,11245,11275,11381,11422,11694,11716,11734,11798,11969,11983,12058,12205,12219,12253,12281,12305,12321,12352,12376,12396,12485,12538,12795,13017,13331,13332,13362,13388,13591,13826,14071,14107,14380,14611,14630,14731,14789,15180,15204,15261,15364,15372,15645,15674,16028,16081,16239,16255,16299,16338,16381,16510,16848,16891,16905,16921,16974,16994,17077,17154,18443,18869,20635,21039,21068,21580,23656,23657,23937,23938,24087,24090,24320,26062,26809,26936,27016,27034,27233,28065,28521,28613,28911,28957,29021,29817,30034,30121,30164,30525,30594,30644,31935,32293,32761,34201,34217,34522,34846,35153,36835,37874,37972,38386,40136,40215,40296,40759,40861,42909,43032,43311,44449,45944,46851,47294,47394],"Id":null},"BadgeStats":{"TotalBadges":0,"TotalTagBadges":0,"Badges":[{"Id":0,"Class":3,"TagBased":false,"DateEarned":"\/Date(1348545834697)\/","Name":"Teacher"},{"Id":0,"Class":3,"TagBased":false,"DateEarned":"\/Date(1348642440750)\/","Name":"Student"},{"Id":0,"Class":3,"TagBased":false,"DateEarned":"\/Date(1348691941967)\/","Name":"Nice Question"},{"Id":0,"Class":3,"TagBased":false,"DateEarned":"\/Date(1348695242580)\/","Name":"Scholar"},{"Id":0,"Class":3,"TagBased":false,"DateEarned":"\/Date(1352793967510)\/","Name":"Supporter"},{"Id":0,"Class":3,"TagBased":false,"DateEarned":"\/Date(1353074067907)\/","Name":"Editor"},{"Id":0,"Class":3,"TagBased":false,"DateEarned":"\/Date(1353246889300)\/","Name":"Quorum"},{"Id":0,"Class":3,"TagBased":false,"DateEarned":"\/Date(1356145373687)\/","Name":"Commentator"},{"Id":0,"Class":3,"TagBased":false,"DateEarned":"\/Date(1361149392463)\/","Name":"Critic"},{"Id":0,"Class":3,"TagBased":false,"DateEarned":"\/Date(1362051872867)\/","Name":"Investor"},{"Id":0,"Class":3,"TagBased":false,"DateEarned":"\/Date(1362576714357)\/","Name":"Altruist"},{"Id":0,"Class":2,"TagBased":false,"DateEarned":"\/Date(1362708184273)\/","Name":"Enthusiast"},{"Id":0,"Class":3,"TagBased":false,"DateEarned":"\/Date(1362773546660)\/","Name":"Nice Answer"},{"Id":0,"Class":3,"TagBased":false,"DateEarned":"\/Date(1362782053953)\/","Name":"Mortarboard"},{"Id":0,"Class":3,"TagBased":false,"DateEarned":"\/Date(1362803078713)\/","Name":"Nice Question"},{"Id":0,"Class":3,"TagBased":false,"DateEarned":"\/Date(1363872701727)\/","Name":"Tag Editor"},{"Id":0,"Class":3,"TagBased":false,"DateEarned":"\/Date(1364226753720)\/","Name":"Nice Question"},{"Id":0,"Class":3,"TagBased":false,"DateEarned":"\/Date(1364362479463)\/","Name":"Custodian"},{"Id":0,"Class":3,"TagBased":false,"DateEarned":"\/Date(1364363083437)\/","Name":"Custodian"},{"Id":0,"Class":3,"TagBased":false,"DateEarned":"\/Date(1364363083437)\/","Name":"Custodian"},{"Id":0,"Class":3,"TagBased":false,"DateEarned":"\/Date(1364384549847)\/","Name":"Popular Question"},{"Id":0,"Class":3,"TagBased":false,"DateEarned":"\/Date(1364452256810)\/","Name":"Analytical"},{"Id":0,"Class":3,"TagBased":false,"DateEarned":"\/Date(1364452555390)\/","Name":"Informed"},{"Id":0,"Class":3,"TagBased":false,"DateEarned":"\/Date(1364725535590)\/","Name":"Organizer"},{"Id":0,"Class":2,"TagBased":false,"DateEarned":"\/Date(1364904688637)\/","Name":"Good Question"},{"Id":0,"Class":3,"TagBased":false,"DateEarned":"\/Date(1364991843847)\/","Name":"Nice Question"},{"Id":0,"Class":2,"TagBased":false,"DateEarned":"\/Date(1365080789990)\/","Name":"Good Question"},{"Id":0,"Class":3,"TagBased":false,"DateEarned":"\/Date(1365957509293)\/","Name":"Nice Answer"},{"Id":0,"Class":3,"TagBased":false,"DateEarned":"\/Date(1366212381927)\/","Name":"Nice Question"},{"Id":0,"Class":3,"TagBased":false,"DateEarned":"\/Date(1367401118450)\/","Name":"Nice Answer"},{"Id":0,"Class":3,"TagBased":false,"DateEarned":"\/Date(1367757457077)\/","Name":"Promoter"},{"Id":0,"Class":3,"TagBased":false,"DateEarned":"\/Date(1368332914013)\/","Name":"Benefactor"},{"Id":0,"Class":1,"TagBased":false,"DateEarned":"\/Date(1368749737383)\/","Name":"Fanatic"},{"Id":0,"Class":3,"TagBased":false,"DateEarned":"\/Date(1368795889513)\/","Name":"Cleanup"},{"Id":0,"Class":3,"TagBased":false,"DateEarned":"\/Date(1368889930867)\/","Name":"Nice Answer"},{"Id":0,"Class":2,"TagBased":false,"DateEarned":"\/Date(1368895345867)\/","Name":"Enlightened"},{"Id":0,"Class":3,"TagBased":false,"DateEarned":"\/Date(1369029799957)\/","Name":"Custodian"},{"Id":0,"Class":3,"TagBased":false,"DateEarned":"\/Date(1369071447837)\/","Name":"Nice Question"},{"Id":0,"Class":3,"TagBased":false,"DateEarned":"\/Date(1369132176997)\/","Name":"Custodian"},{"Id":0,"Class":3,"TagBased":false,"DateEarned":"\/Date(1369232949410)\/","Name":"Nice Answer"},{"Id":0,"Class":3,"TagBased":false,"DateEarned":"\/Date(1369352620057)\/","Name":"Suffrage"},{"Id":0,"Class":3,"TagBased":false,"DateEarned":"\/Date(1369999260037)\/","Name":"Custodian"},{"Id":0,"Class":3,"TagBased":false,"DateEarned":"\/Date(1373295231723)\/","Name":"Nice Question"},{"Id":0,"Class":2,"TagBased":false,"DateEarned":"\/Date(1373892914953)\/","Name":"Civic Duty"},{"Id":0,"Class":3,"TagBased":false,"DateEarned":"\/Date(1374331142447)\/","Name":"Nice Question"},{"Id":0,"Class":3,"TagBased":false,"DateEarned":"\/Date(1374601714927)\/","Name":"Nice Answer"},{"Id":0,"Class":3,"TagBased":false,"DateEarned":"\/Date(1374601714927)\/","Name":"Nice Question"},{"Id":0,"Class":3,"TagBased":false,"DateEarned":"\/Date(1374632410063)\/","Name":"Citizen Patrol"},{"Id":0,"Class":3,"TagBased":false,"DateEarned":"\/Date(1375972439897)\/","Name":"Nice Answer"},{"Id":0,"Class":2,"TagBased":false,"DateEarned":"\/Date(1375976959890)\/","Name":"Enlightened"},{"Id":0,"Class":3,"TagBased":false,"DateEarned":"\/Date(1376472724953)\/","Name":"Nice Question"},{"Id":0,"Class":3,"TagBased":false,"DateEarned":"\/Date(1377649418517)\/","Name":"Nice Answer"},{"Id":0,"Class":3,"TagBased":false,"DateEarned":"\/Date(1377790292857)\/","Name":"Nice Answer"},{"Id":0,"Class":3,"TagBased":false,"DateEarned":"\/Date(1378110669827)\/","Name":"Nice Answer"},{"Id":0,"Class":3,"TagBased":false,"DateEarned":"\/Date(1378734834997)\/","Name":"Nice Question"},{"Id":0,"Class":3,"TagBased":false,"DateEarned":"\/Date(1378802969037)\/","Name":"Popular Question"},{"Id":0,"Class":3,"TagBased":false,"DateEarned":"\/Date(1378929191327)\/","Name":"Popular Question"},{"Id":0,"Class":3,"TagBased":false,"DateEarned":"\/Date(1379521075573)\/","Name":"Nice Answer"},{"Id":0,"Class":2,"TagBased":false,"DateEarned":"\/Date(1380065193287)\/","Name":"Yearling"},{"Id":0,"Class":3,"TagBased":false,"DateEarned":"\/Date(1380118577307)\/",