{"CreationDate":"\/Date(1295858782873)\/","AverageQuestionsPerDay":0,"AverageAnswersPerDay":0,"AveragePostsPerDay":0,"Views":27,"UpVotes":33,"DownVotes":0,"AccountId":11209,"LastAccessDate":"\/Date(1456851829633)\/","Reputation":215,"PostStats":{"PostsMade":0,"TotalViews":0,"Questions":17,"TotalWordsForQuestions":1349,"TotalWordsForAnswers":21360,"TotalTitleWordCount":133,"HighestScoredQuestion":60,"LowestScoredQuestion":0,"TotalCommentsOnQuestions":0,"Answers":291,"HighestScoredAnswer":24,"LowestScoredAnswer":-3,"TotalCommentsOnPosts":0,"TotalCommentsOnAnswers":0,"TotalAcceptedAnswers":0,"AverageWordsPerAnswer":73.4020618556701,"AverageViewsPerPost":0,"AverageAcceptedAnswers":0,"LongestQuestionWordCount":385,"ShortestQuestionWordCount":21,"LongestAnswerWordCount":538,"ShortestAnswerWordCount":7,"LongestQuestionTitleWordCount":13,"AverageQuestionTitleWordCount":0,"AverageWordsPerQuestion":79.3529411764706,"QuestionIds":[17748,18621,21137,24119,26591,32718,34999,35847,36023,36965,37760,37936,38138,38161,38424,48277,48279],"AnswerIds":[17743,17744,17747,17872,17932,17933,17934,17977,18033,18083,18099,18130,18620,19567,19568,19631,19632,22101,22102,22724,22734,22735,22736,22903,22924,22925,22935,22936,22938,26551,26592,26593,26637,30510,32708,32709,32710,32711,32717,32825,32827,32828,32839,32840,33197,33198,33199,33200,33224,33225,33226,33232,33271,33272,33320,33322,33323,33325,33328,33411,33452,33865,33885,33887,34213,34214,34216,34217,34219,34223,34264,34267,34284,34285,34292,34294,34298,34302,34303,34337,34338,34339,34351,34352,34353,34362,34370,34372,34373,34377,34378,34380,34382,34411,34413,34414,34415,34437,34440,34441,34443,34446,34448,34449,34467,34470,34472,34484,34486,34490,34495,34497,34500,34533,34535,34537,34542,34544,34554,34557,34561,34564,34565,34566,34567,34568,34577,34583,34641,34651,34660,34662,34663,34666,34667,34707,34714,34716,34718,34725,34728,34735,34740,34745,34770,34777,34791,34814,34857,34875,34882,34884,34910,34953,34961,34989,34995,35002,35015,35017,35018,35044,35045,35065,35077,35097,35099,35102,35105,35163,35165,35170,35176,35181,35183,35268,35280,35285,35310,35312,35415,35462,35482,35483,35503,35504,35507,35539,35598,35655,35661,35667,35682,35857,35865,35898,35902,35923,35963,35964,35970,36002,36032,36033,36036,36038,36040,36093,36094,36161,36164,36178,36227,36234,36236,36240,36268,36314,36315,36387,36563,36963,36967,37000,37003,37022,37026,37097,37103,37217,37262,37263,37298,37336,37471,37495,37535,37536,37555,37704,37732,37761,37821,37835,37836,37880,37935,37944,37947,37980,37981,37985,38139,38164,38166,38174,38192,38193,38282,38313,38414,38416,38417,38423,38473,38475,38480,38522,38558,38618,38619,38622,38628,38756,39216,41715,45746,45747,47300,48724,48725,48864,49940,49942,52842,53934,53935,54061,54775,56225,56417],"Id":null},"BadgeStats":{"TotalBadges":0,"TotalTagBadges":0,"Badges":[{"Id":0,"Class":3,"TagBased":false,"DateEarned":"\/Date(1325529122717)\/","Name":"Autobiographer"},{"Id":0,"Class":3,"TagBased":false,"DateEarned":"\/Date(1325576264163)\/","Name":"Editor"},{"Id":0,"Class":3,"TagBased":false,"DateEarned":"\/Date(1325577467277)\/","Name":"Teacher"},{"Id":0,"Class":3,"TagBased":false,"DateEarned":"\/Date(1325699778107)\/","Name":"Supporter"},{"Id":0,"Class":3,"TagBased":false,"DateEarned":"\/Date(1325999994820)\/","Name":"Mortarboard"},{"Id":0,"Class":3,"TagBased":false,"DateEarned":"\/Date(1326093641440)\/","Name":"Promoter"},{"Id":0,"Class":3,"TagBased":false,"DateEarned":"\/Date(1326221924197)\/","Name":"Benefactor"},{"Id":0,"Class":3,"TagBased":false,"DateEarned":"\/Date(1326221924463)\/","Name":"Scholar"},{"Id":0,"Class":3,"TagBased":false,"DateEarned":"\/Date(1327254833817)\/","Name":"Student"},{"Id":0,"Class":3,"TagBased":false,"DateEarned":"\/Date(1328127394577)\/","Name":"Revival"},{"Id":0,"Class":3,"TagBased":false,"DateEarned":"\/Date(1329447269507)\/","Name":"Tag Editor"},{"Id":0,"Class":3,"TagBased":false,"DateEarned":"\/Date(1329605088673)\/","Name":"Commentator"},{"Id":0,"Class":3,"TagBased":false,"DateEarned":"\/Date(1336754514967)\/","Name":"Critic"},{"Id":0,"Class":3,"TagBased":false,"DateEarned":"\/Date(1340826406520)\/","Name":"Nice Answer"},{"Id":0,"Class":2,"TagBased":false,"DateEarned":"\/Date(1340835707643)\/","Name":"Enlightened"},{"Id":0,"Class":3,"TagBased":false,"DateEarned":"\/Date(1342536235027)\/","Name":"Popular Question"},{"Id":0,"Class":3,"TagBased":false,"DateEarned":"\/Date(1344129886927)\/","Name":"Revival"},{"Id":0,"Class":3,"TagBased":false,"DateEarned":"\/Date(1347694304530)\/","Name":"Peer Pressure"},{"Id":0,"Class":3,"TagBased":false,"DateEarned":"\/Date(1351870197657)\/","Name":"Citizen Patrol"},{"Id":0,"Class":3,"TagBased":false,"DateEarned":"\/Date(1351871698423)\/","Name":"Organizer"},{"Id":0,"Class":3,"TagBased":false,"DateEarned":"\/Date(1352319226860)\/","Name":"Tumbleweed"},{"Id":0,"Class":3,"TagBased":false,"DateEarned":"\/Date(1353539967620)\/","Name":"Custodian"},{"Id":0,"Class":3,"TagBased":false,"DateEarned":"\/Date(1353921951337)\/","Name":"Popular Question"},{"Id":0,"Class":3,"TagBased":false,"DateEarned":"\/Date(1354034480460)\/","Name":"Caucus"},{"Id":0,"Class":3,"TagBased":false,"DateEarned":"\/Date(1354134234570)\/","Name":"Custodian"},{"Id":0,"Class":3,"TagBased":false,"DateEarned":"\/Date(1354161838863)\/","Name":"Quorum"},{"Id":0,"Class":3,"TagBased":false,"DateEarned":"\/Date(1354279751677)\/","Name":"Custodian"},{"Id":0,"Class":3,"TagBased":false,"DateEarned":"\/Date(1354337054267)\/","Name":"Popular Question"},{"Id":0,"Class":2,"TagBased":false,"DateEarned":"\/Date(1354565087683)\/","Name":"Constituent"},{"Id":0,"Class":3,"TagBased":false,"DateEarned":"\/Date(1354675798080)\/","Name":"Nice Answer"},{"Id":0,"Class":3,"TagBased":false,"DateEarned":"\/Date(1354691099513)\/","Name":"Custodian"},{"Id":0,"Class":3,"TagBased":false,"DateEarned":"\/Date(1354952516007)\/","Name":"Analytical"},{"Id":0,"Class":3,"TagBased":false,"DateEarned":"\/Date(1355147886307)\/","Name":"Revival"},{"Id":0,"Class":2,"TagBased":false,"DateEarned":"\/Date(1355213702230)\/","Name":"Notable Question"},{"Id":0,"Class":2,"TagBased":false,"DateEarned":"\/Date(1355244362997)\/","Name":"Strunk & White"},{"Id":0,"Class":3,"TagBased":false,"DateEarned":"\/Date(1355304460027)\/","Name":"Popular Question"},{"Id":0,"Class":3,"TagBased":false,"DateEarned":"\/Date(1355524765767)\/","Name":"Suffrage"},{"Id":0,"Class":3,"TagBased":false,"DateEarned":"\/Date(1355530166663)\/","Name":"Vox Populi"},{"Id":0,"Class":3,"TagBased":false,"DateEarned":"\/Date(1355731544160)\/","Name":"Custodian"},{"Id":0,"Class":3,"TagBased":false,"DateEarned":"\/Date(1356039085773)\/","Name":"Talkative"},{"Id":0,"Class":3,"TagBased":false,"DateEarned":"\/Date(1356102219357)\/","Name":"Custodian"},{"Id":0,"Class":2,"TagBased":false,"DateEarned":"\/Date(1356515264380)\/","Name":"Enthusiast"},{"Id":0,"Class":3,"TagBased":false,"DateEarned":"\/Date(1356894232160)\/","Name":"Nice Answer"},{"Id":0,"Class":2,"TagBased":false,"DateEarned":"\/Date(1356897832433)\/","Name":"Enlightened"},{"Id":0,"Class":2,"TagBased":false,"DateEarned":"\/Date(1357151398797)\/","Name":"Yearling"},{"Id":0,"Class":2,"TagBased":false,"DateEarned":"\/Date(1357415834907)\/","Name":"Civic Duty"},{"Id":0,"Class":3,"TagBased":false,"DateEarned":"\/Date(1357826757090)\/","Name":"Popular Question"},{"Id":0,"Class":3,"TagBased":false,"DateEarned":"\/Date(1358137130387)\/","Name":"Nice Answer"},{"Id":0,"Class":2,"TagBased":false,"DateEarned":"\/Date(1358138721813)\/","Name":"Enlightened"},{"Id":0,"Class":3,"TagBased":false,"DateEarned":"\/Date(1358201001270)\/","Name":"Proofreader"},{"Id":0,"Class":3,"TagBased":false,"DateEarned":"\/Date(1358364880367)\/","Name":"Self-Learner"},{"Id":0,"Class":3,"TagBased":false,"DateEarned":"\/Date(1358615583790)\/","Name":"Investor"},{"Id":0,"Class":3,"TagBased":false,"DateEarned":"\/Date(1358723070397)\/","Name":"Altruist"},{"Id":0,"Class":3,"TagBased":false,"DateEarned":"\/Date(1359236074217)\/",