{"CreationDate":"\/Date(-62135596800000)\/","AverageQuestionsPerDay":0,"AverageAnswersPerDay":0,"AveragePostsPerDay":0,"Views":0,"UpVotes":0,"DownVotes":0,"AccountId":1250,"LastAccessDate":"\/Date(-62135596800000)\/","Reputation":0,"PostStats":{"PostsMade":0,"TotalViews":0,"Questions":13,"TotalWordsForQuestions":932,"TotalWordsForAnswers":19091,"TotalTitleWordCount":163,"HighestScoredQuestion":25,"LowestScoredQuestion":0,"TotalCommentsOnQuestions":0,"Answers":304,"HighestScoredAnswer":18,"LowestScoredAnswer":-2,"TotalCommentsOnPosts":0,"TotalCommentsOnAnswers":0,"TotalAcceptedAnswers":0,"AverageWordsPerAnswer":62.7993421052632,"AverageViewsPerPost":0,"AverageAcceptedAnswers":0,"LongestQuestionWordCount":162,"ShortestQuestionWordCount":29,"LongestAnswerWordCount":390,"ShortestAnswerWordCount":13,"LongestQuestionTitleWordCount":20,"AverageQuestionTitleWordCount":0,"AverageWordsPerQuestion":71.6923076923077,"QuestionIds":[3493,4187,7793,8464,12924,15156,17058,23522,26272,31883,31928,32578,42604],"AnswerIds":[3202,3454,3455,3479,3489,3491,3504,3507,3541,3594,3602,3765,3770,3773,3809,3833,3834,3835,3836,3882,3914,3960,4014,4112,4114,4223,4291,4292,4303,4332,4333,4377,4406,4452,4453,4455,4489,4520,4521,4655,4742,4743,4745,4791,5014,5023,5024,5056,5097,5150,5398,5399,5417,5680,5872,5873,6036,6059,6120,6149,6174,6192,6201,6438,6439,6441,6470,6505,6525,6528,6574,6586,6618,6619,6630,6640,6701,6719,6720,6721,6722,6727,6732,6768,6769,6790,6807,6809,6848,6884,6886,6898,6999,7033,7080,7137,7220,7256,7388,7529,7535,7543,7808,7849,7924,8043,8121,8284,8285,8302,8366,8399,8418,8419,8421,8486,8503,8505,8507,8531,8544,8572,8575,8591,8622,8670,8671,8672,8771,8785,8792,8794,8906,9032,9329,9378,9385,9409,9413,9600,9697,9698,9922,9924,9982,10067,10072,10117,10181,10182,10215,10381,10395,10411,10612,10836,11233,11602,11746,12649,12732,13016,13145,13942,13955,14221,14603,15051,15313,15334,15421,15422,15453,15564,15788,15789,15872,15873,15913,16286,16444,16479,16728,16730,16783,16784,16809,16941,16986,17078,17103,17136,17428,17429,17441,21114,21115,21251,21255,21271,21283,21364,21399,21430,21431,21484,21511,21552,21553,21869,21973,22062,22079,22100,22450,22451,22501,22580,22713,22831,22885,22950,22994,23054,23074,23200,23201,23968,24219,24220,24359,24360,24387,25294,26044,26060,26061,26113,27899,28406,28665,28712,28714,28854,28856,28950,28971,28982,29069,29354,29426,29786,29787,29794,29830,30086,30135,30138,30317,30480,30506,30509,30594,30772,30783,32404,32542,32931,32978,33147,33332,33352,33444,33522,33523,33625,33629,33657,38575,43065,45309,45470,45506,45600,45671,45722,45723,45730,45784,45826,46124,46291,46863,51507,51728,51729,53605,55914,56727,60568,61142,61324,68610,84759],"Id":null},"BadgeStats":{"TotalBadges":0,"TotalTagBadges":0,"Badges":[{"Id":0,"Class":3,"TagBased":false,"DateEarned":"\/Date(1291739898157)\/","Name":"Editor"},{"Id":0,"Class":3,"TagBased":false,"DateEarned":"\/Date(1291748898493)\/","Name":"Teacher"},{"Id":0,"Class":3,"TagBased":false,"DateEarned":"\/Date(1291776198113)\/","Name":"Autobiographer"},{"Id":0,"Class":3,"TagBased":false,"DateEarned":"\/Date(1291836198030)\/","Name":"Student"},{"Id":0,"Class":3,"TagBased":false,"DateEarned":"\/Date(1291869170597)\/","Name":"Supporter"},{"Id":0,"Class":3,"TagBased":false,"DateEarned":"\/Date(1291914480180)\/","Name":"Scholar"},{"Id":0,"Class":3,"TagBased":false,"DateEarned":"\/Date(1293030557197)\/","Name":"Critic"},{"Id":0,"Class":3,"TagBased":false,"DateEarned":"\/Date(1293383367933)\/","Name":"Commentator"},{"Id":0,"Class":3,"TagBased":false,"DateEarned":"\/Date(1293674371710)\/","Name":"Nice Question"},{"Id":0,"Class":3,"TagBased":false,"DateEarned":"\/Date(1293954503200)\/","Name":"Organizer"},{"Id":0,"Class":3,"TagBased":false,"DateEarned":"\/Date(1294151609447)\/","Name":"Quorum"},{"Id":0,"Class":2,"TagBased":false,"DateEarned":"\/Date(1294235687937)\/","Name":"Enthusiast"},{"Id":0,"Class":3,"TagBased":false,"DateEarned":"\/Date(1296765684343)\/","Name":"Nice Question"},{"Id":0,"Class":3,"TagBased":false,"DateEarned":"\/Date(1297780417600)\/","Name":"Revival"},{"Id":0,"Class":2,"TagBased":false,"DateEarned":"\/Date(1297886921083)\/","Name":"Civic Duty"},{"Id":0,"Class":3,"TagBased":false,"DateEarned":"\/Date(1298116474490)\/","Name":"Citizen Patrol"},{"Id":0,"Class":3,"TagBased":false,"DateEarned":"\/Date(1298576265157)\/","Name":"Tag Editor"},{"Id":0,"Class":3,"TagBased":false,"DateEarned":"\/Date(1299353131250)\/","Name":"Investor"},{"Id":0,"Class":3,"TagBased":false,"DateEarned":"\/Date(1301243474273)\/","Name":"Suffrage"},{"Id":0,"Class":1,"TagBased":false,"DateEarned":"\/Date(1304139533197)\/","Name":"Fanatic"},{"Id":0,"Class":1,"TagBased":false,"DateEarned":"\/Date(1308981419917)\/","Name":"Electorate"},{"Id":0,"Class":3,"TagBased":false,"DateEarned":"\/Date(1310007280220)\/","Name":"Revival"},{"Id":0,"Class":3,"TagBased":false,"DateEarned":"\/Date(1319687535807)\/","Name":"Nice Answer"},{"Id":0,"Class":3,"TagBased":false,"DateEarned":"\/Date(1321652855503)\/","Name":"Nice Answer"},{"Id":0,"Class":2,"TagBased":false,"DateEarned":"\/Date(1322502770913)\/","Name":"Yearling"},{"Id":0,"Class":3,"TagBased":false,"DateEarned":"\/Date(1323841973243)\/","Name":"Popular Question"},{"Id":0,"Class":3,"TagBased":false,"DateEarned":"\/Date(1333622675447)\/","Name":"Popular Question"},{"Id":0,"Class":3,"TagBased":false,"DateEarned":"\/Date(1336744914317)\/","Name":"Nice Answer"},{"Id":0,"Class":2,"TagBased":false,"DateEarned":"\/Date(1336745215027)\/","Name":"Enlightened"},{"Id":0,"Class":3,"TagBased":false,"DateEarned":"\/Date(1337287486023)\/","Name":"Popular Question"},{"Id":0,"Class":2,"TagBased":false,"DateEarned":"\/Date(1338907129330)\/","Name":"Notable Question"},{"Id":0,"Class":3,"TagBased":false,"DateEarned":"\/Date(1339196476593)\/","Name":"Caucus"},{"Id":0,"Class":2,"TagBased":false,"DateEarned":"\/Date(1339196477530)\/","Name":"Constituent"},{"Id":0,"Class":2,"TagBased":false,"DateEarned":"\/Date(1339522516560)\/","Name":"Convention"},{"Id":0,"Class":3,"TagBased":false,"DateEarned":"\/Date(1348272815210)\/","Name":"Custodian"},{"Id":0,"Class":3,"TagBased":false,"DateEarned":"\/Date(1351872298343)\/","Name":"Nice Answer"},{"Id":0,"Class":2,"TagBased":false,"DateEarned":"\/Date(1351880698110)\/","Name":"Enlightened"},{"Id":0,"Class":3,"TagBased":false,"DateEarned":"\/Date(1354000879037)\/","Name":"Caucus"},{"Id":0,"Class":2,"TagBased":false,"DateEarned":"\/Date(1354125833817)\/","Name":"Yearling"},{"Id":0,"Class":2,"TagBased":false,"DateEarned":"\/Date(1354613391987)\/","Name":"Constituent"},{"Id":0,"Class":3,"TagBased":false,"DateEarned":"\/Date(1358119449323)\/","Name":"Nice Answer"},{"Id":0,"Class":3,"TagBased":false,"DateEarned":"\/Date(1362350291497)\/","Name":"Popular Question"},{"Id":0,"Class":3,"TagBased":false,"DateEarned":"\/Date(1363714309090)\/","Name":"Popular Question"},{"Id":0,"Class":3,"TagBased":false,"DateEarned":"\/Date(1367702867657)\/","Name":"Popular Question"},{"Id":0,"Class":2,"TagBased":false,"DateEarned":"\/Date(1370544870957)\/","Name":"Notable Question"},{"Id":0,"Class":3,"TagBased":false,"DateEarned":"\/Date(1372072037723)\/","Name":"Nice Question"},{"Id":0,"Class":2,"TagBased":false,"DateEarned":"\/Date(1380447321320)\/","Name":"Taxonomist"},{"Id":0,"Class":2,"TagBased":false,"DateEarned":"\/Date(1385661734740)\/","Name":"Yearling"},{"Id":0,"Class":2,"TagBased":false,"DateEarned":"\/Date(1389239350707)\/","Name":"Notable Question"},{"Id":0,"Class":1,"TagBased":false,"DateEarned":"\/Date(1389946641167)\/","Name":"Famous Question"},{"Id":0,"Class":3,"TagBased":false,"DateEarned":"\/Date(1390976335163)\/","Name":"Popular Question"},{"Id":0,"Class":3,"TagBased":false,"DateEarned":"\/Date(1391020750697)\/","Name":"Popular Question"},{"Id":0,"Class":3,"TagBased":false,"DateEarned":"\/Date(1404317163443)\/","Name":"Curious"},{"Id":0,"Class":3,"TagBased":false,"DateEarned":"\/Date(1412119028073)\/","Name":"Explainer"},{"Id":0,"Class":2,"TagBased":false,