{"CreationDate":"\/Date(-62135596800000)\/","AverageQuestionsPerDay":0,"AverageAnswersPerDay":0,"AveragePostsPerDay":0,"Views":0,"UpVotes":0,"DownVotes":0,"AccountId":5342,"LastAccessDate":"\/Date(-62135596800000)\/","Reputation":0,"PostStats":{"PostsMade":0,"TotalViews":0,"Questions":23,"TotalWordsForQuestions":1220,"TotalWordsForAnswers":33442,"TotalTitleWordCount":287,"HighestScoredQuestion":21,"LowestScoredQuestion":0,"TotalCommentsOnQuestions":0,"Answers":572,"HighestScoredAnswer":38,"LowestScoredAnswer":-1,"TotalCommentsOnPosts":0,"TotalCommentsOnAnswers":0,"TotalAcceptedAnswers":0,"AverageWordsPerAnswer":58.465034965035,"AverageViewsPerPost":0,"AverageAcceptedAnswers":0,"LongestQuestionWordCount":130,"ShortestQuestionWordCount":10,"LongestAnswerWordCount":351,"ShortestAnswerWordCount":7,"LongestQuestionTitleWordCount":19,"AverageQuestionTitleWordCount":0,"AverageWordsPerQuestion":53.0434782608696,"QuestionIds":[18529,21873,22344,27156,41839,44649,46218,46551,46559,49588,49829,49898,50021,50454,50491,50811,51035,56600,58203,59147,60894,66154,66715],"AnswerIds":[14505,15866,15875,17512,17720,17722,17724,17758,18096,18270,18278,18279,18327,18779,20520,21152,22432,22443,27208,27215,27267,27270,27302,27304,27569,27605,28065,28130,28137,28146,30520,30522,31857,31917,33428,33816,33871,33872,35198,35711,35795,35817,35908,35983,36013,36053,36374,36570,36615,36651,36673,36737,36786,36844,36877,36923,36946,36949,37054,37287,37293,37312,37445,37466,37870,37920,38130,38131,38427,38466,38468,38530,38596,38650,38674,38708,38709,38726,38727,38794,38862,39013,39033,39140,39150,39162,39165,39184,39337,39381,39404,39507,39508,39539,39586,39672,39684,39686,39732,39753,39798,39908,39919,39962,40063,40200,40384,40647,40648,40649,40658,40660,40927,41006,41125,41186,41480,41590,41703,41840,42032,42034,42367,42527,42530,42548,42549,42593,42608,42662,43016,43483,44650,44839,44925,44926,44970,45398,45465,45851,46601,46973,47103,47190,47255,47256,47257,47258,47299,47500,47576,47587,47660,47661,47695,47826,47832,47837,47905,47945,47990,47994,48002,48106,48108,48139,48213,48245,48247,48439,48442,48470,48518,48530,48543,48742,48744,48754,48819,48828,48838,48882,49150,49201,49203,49207,49209,49266,49334,49337,49351,49545,49637,49714,49715,49717,49720,49725,49743,49798,49823,49828,49856,49863,49877,49879,49890,49899,49946,49960,50020,50062,50111,50112,50176,50245,50251,50255,50260,50265,50315,50341,50346,50400,50422,50483,50493,50532,50535,50545,50550,50551,50553,50556,50559,50589,50590,50591,50597,50615,50633,50685,50687,50692,50762,50769,50770,50809,50908,50932,50952,50957,50966,50967,51043,51098,51118,51125,51127,51170,51172,51189,51225,51230,51260,51263,51266,51292,51300,51303,51328,51331,51360,51376,51396,51397,51415,51429,51440,51462,51468,51482,51490,51547,51589,51702,52011,52145,52147,52148,52152,52155,52171,52218,52221,52296,52328,53612,53732,53734,53743,53777,53778,53779,53780,53795,53806,53844,53866,53900,53914,53948,53950,53963,54003,54029,54031,54132,54145,54174,54263,54300,54320,54367,54369,54431,54507,54564,54565,54569,54588,54637,54638,54732,54733,54746,54848,54849,54880,55043,55045,55071,55467,55996,56029,56031,56089,56201,56250,56303,56383,56651,56670,56673,56710,56713,56759,56769,56787,56830,56859,56900,56901,56965,56977,57041,57044,57045,57048,57061,57071,57119,57229,57236,57281,57284,57288,57316,57345,57348,57439,57499,57508,57516,57522,57675,57679,57728,57886,57888,58105,58106,58107,58108,58116,58180,58198,58204,58399,58503,58506,58644,58646,58862,59195,59219,60523,60685,60690,61660,61661,61663,61712,61733,61783,61863,61891,61893,62011,62078,62098,62178,62320,62325,62334,62342,62522,62565,62593,62920,63002,63003,63232,63233,63237,63344,63348,63436,63486,63487,63491,63656,63736,63743,63751,63774,63787,63800,63837,63855,63910,64372,64682,64792,64795,64846,64863,64923,64952,64954,64997,65195,65354,65357,65360,65361,65377,65604,65628,65676,65919,66098,66155,66159,66164,66174,66288,66290,66376,66716,66752,67110,67627,67629,67872,68825,68862,68864,68904,68977,68978,68994,69025,69078,69111,69247,69336,73139,73456,73467,73472,73479,73496,73522,73528,73529,74761,74765,74770,74852,74853,75413,75788,75810,75819,75821,75854,77433,79312,79411,79412,79471,80755,80798,81089,83298,83381,84019,84127,84128,84142,84150,84153,84195,84209,84219,84220,84228,84260,84444,84484,84493,84512,84687,84949,84953,84955,85340,85422,86179,88436,91639,96754,96755,96757,96874,97427,97428,98306,107161,107201,107202,113979,116691,119869,120609,120612,133796,133797,136057,136576,136577],"Id":null},"BadgeStats":{"TotalBadges":0,"TotalTagBadges":0,"Badges":[{"Id":0,"Class":3,"TagBased":false,"DateEarned":"\/Date(1306126144740)\/","Name":"Autobiographer"},{"Id":0,"Class":3,"TagBased":false,"DateEarned":"\/Date(1318466250680)\/","Name":"Supporter"},{"Id":0,"Class":3,"TagBased":false,"DateEarned":"\/Date(1318481432653)\/","Name":"Teacher"},{"Id":0,"Class":3,"TagBased":false,"DateEarned":"\/Date(1325506310637)\/","Name":"Editor"},{"Id":0,"Class":3,"TagBased":false,"DateEarned":"\/Date(1326165711773)\/","Name":"Commentator"},{"Id":0,"Class":3,"TagBased":false,"DateEarned":"\/Date(1326458661293)\/","Name":"Critic"},{"Id":0,"Class":3,"TagBased":false,"DateEarned":"\/Date(1326460164857)\/","Name":"Vox Populi"},{"Id":0,"Class":3,"TagBased":false,"DateEarned":"\/Date(1326460764943)\/","Name":"Suffrage"},{"Id":0,"Class":3,"TagBased":false,"DateEarned":"\/Date(1326692721863)\/","Name":"Student"},{"Id":0,"Class":3,"TagBased":false,"DateEarned":"\/Date(1327564443387)\/","Name":"Scholar"},{"Id":0,"Class":3,"TagBased":false,"DateEarned":"\/Date(1327594491487)\/","Name":"Organizer"},{"Id":0,"Class":2,"TagBased":false,"DateEarned":"\/Date(1337748502950)\/","Name":"Yearling"},{"Id":0,"Class":3,"TagBased":false,"DateEarned":"\/Date(1344149414213)\/","Name":"Popular Question"},{"Id":0,"Class":3,"TagBased":false,"DateEarned":"\/Date(1344658987707)\/","Name":"Citizen Patrol"},{"Id":0,"Class":3,"TagBased":false,"DateEarned":"\/Date(1348272815210)\/","Name":"Custodian"},{"Id":0,"Class":3,"TagBased":false,"DateEarned":"\/Date(1353981670603)\/","Name":"Caucus"},{"Id":0,"Class":2,"TagBased":false,"DateEarned":"\/Date(1354433659393)\/","Name":"Enthusiast"},{"Id":0,"Class":2,"TagBased":false,"DateEarned":"\/Date(1354585189550)\/","Name":"Constituent"},{"Id":0,"Class":2,"TagBased":false,"DateEarned":"\/Date(1354763726833)\/","Name":"Notable Question"},{"Id":0,"Class":3,"TagBased":false,"DateEarned":"\/Date(1354766126890)\/","Name":"Excavator"},{"Id":0,"Class":3,"TagBased":false,"DateEarned":"\/Date(1355046464633)\/","Name":"Popular Question"},{"Id":0,"Class":2,"TagBased":false,"DateEarned":"\/Date(1355119684610)\/","Name":"Civic Duty"},{"Id":0,"Class":1,"TagBased":false,"DateEarned":"\/Date(1355970741280)\/","Name":"Electorate"},{"Id":0,"Class":3,"TagBased":false,"DateEarned":"\/Date(1356006143370)\/","Name":"Custodian"},{"Id":0,"Class":3,"TagBased":false,"DateEarned":"\/Date(1356082718607)\/","Name":"Custodian"},{"Id":0,"Class":3,"TagBased":false,"DateEarned":"\/Date(1356357678253)\/","Name":"Revival"},{"Id":0,"Class":3,"TagBased":false,"DateEarned":"\/Date(1356626621317)\/","Name":"Popular Question"},{"Id":0,"Class":2,"TagBased":false,"DateEarned":"\/Date(1357046051180)\/","Name":"Strunk & White"},{"Id":0,"Class":2,"TagBased":false,"DateEarned":"\/Date(1357645104427)\/","Name":"Reviewer"},{"Id":0,"Class":2,"TagBased":false,"DateEarned":"\/Date(1358258004217)\/","Name":"Deputy"},{"Id":0,"Class":3,"TagBased":false,"DateEarned":"\/Date(1358358536497)\/","Name":"Informed"},{"Id":0,"Class":3,"TagBased":false,"DateEarned":"\/Date(1358512815533)\/","Name":"Talkative"},{"Id":0,"Class":3,"TagBased":false,"DateEarned":"\/Date(1359595027190)\/","Name":"Custodian"},{"Id":0,"Class":3,"TagBased":false,"DateEarned":"\/Date(1359797989350)\/","Name":"Custodian"},{"Id":0,"Class":3,"TagBased":false,"DateEarned":"\/Date(1360102135203)\/","Name":"Quorum"},{"Id":0,"Class":1,"TagBased":false,"DateEarned":"\/Date(1360466863547)\/",