{"CreationDate":"\/Date(-62135596800000)\/","AverageQuestionsPerDay":0,"AverageAnswersPerDay":0,"AveragePostsPerDay":0,"Views":0,"UpVotes":0,"DownVotes":0,"AccountId":6052,"LastAccessDate":"\/Date(-62135596800000)\/","Reputation":0,"PostStats":{"PostsMade":0,"TotalViews":0,"Questions":21,"TotalWordsForQuestions":2502,"TotalWordsForAnswers":20142,"TotalTitleWordCount":147,"HighestScoredQuestion":23,"LowestScoredQuestion":0,"TotalCommentsOnQuestions":0,"Answers":190,"HighestScoredAnswer":44,"LowestScoredAnswer":-3,"TotalCommentsOnPosts":0,"TotalCommentsOnAnswers":0,"TotalAcceptedAnswers":0,"AverageWordsPerAnswer":106.010526315789,"AverageViewsPerPost":0,"AverageAcceptedAnswers":0,"LongestQuestionWordCount":306,"ShortestQuestionWordCount":53,"LongestAnswerWordCount":642,"ShortestAnswerWordCount":10,"LongestQuestionTitleWordCount":15,"AverageQuestionTitleWordCount":0,"AverageWordsPerQuestion":119.142857142857,"QuestionIds":[11589,11593,11691,12711,21803,23341,23926,23965,24090,24171,24410,24842,24847,24979,25190,26118,26447,34613,34682,62453,110674],"AnswerIds":[10671,10672,10673,10674,10701,10712,10724,10727,10729,10738,10768,10769,10816,10819,10859,10941,10945,10963,10964,10973,10974,11024,11393,11432,11451,11568,11569,11576,11604,11636,11641,11660,11664,11684,11695,11778,11783,11784,11810,11813,11834,11853,11883,11966,11973,11999,12020,12090,12095,12116,12161,12191,12249,12558,12580,12609,12636,12638,12699,12725,12749,12761,12770,12775,12776,12795,12811,12822,12840,12885,12982,14819,14826,23337,23351,23355,23393,23407,23416,23442,23445,23446,23448,23450,23453,23459,23460,23466,23585,23694,23707,23810,23889,23916,23952,23953,23971,24022,24042,24109,24155,24156,24174,24206,24225,24239,24255,24257,24259,24266,24269,24305,24346,24384,24385,24390,24393,24431,24438,24448,24484,24489,24496,24497,24500,24536,24547,24548,24554,24569,24600,24615,24618,24693,24844,24876,24902,24906,24907,24908,24930,24970,25059,25060,25062,25072,25136,25163,25173,25175,25179,25184,25186,25187,25188,25189,25227,25365,25725,25739,26195,26349,26877,26881,27109,27129,29994,32000,32168,33252,34582,34683,34685,34688,34900,62455,62458,62460,62461,62551,109163,109361,109366,109823,109906,109977,110758,110795,137477,137479],"Id":null},"BadgeStats":{"TotalBadges":0,"TotalTagBadges":0,"Badges":[{"Id":0,"Class":3,"TagBased":false,"DateEarned":"\/Date(1308588673163)\/","Name":"Editor"},{"Id":0,"Class":3,"TagBased":false,"DateEarned":"\/Date(1308645178410)\/","Name":"Teacher"},{"Id":0,"Class":3,"TagBased":false,"DateEarned":"\/Date(1308676081697)\/","Name":"Supporter"},{"Id":0,"Class":3,"TagBased":false,"DateEarned":"\/Date(1309185152197)\/","Name":"Commentator"},{"Id":0,"Class":3,"TagBased":false,"DateEarned":"\/Date(1309186052897)\/","Name":"Critic"},{"Id":0,"Class":3,"TagBased":false,"DateEarned":"\/Date(1310996222367)\/","Name":"Organizer"},{"Id":0,"Class":3,"TagBased":false,"DateEarned":"\/Date(1311083276543)\/","Name":"Student"},{"Id":0,"Class":3,"TagBased":false,"DateEarned":"\/Date(1311351401860)\/","Name":"Scholar"},{"Id":0,"Class":3,"TagBased":false,"DateEarned":"\/Date(1311358302120)\/","Name":"Autobiographer"},{"Id":0,"Class":3,"TagBased":false,"DateEarned":"\/Date(1311771804607)\/","Name":"Citizen Patrol"},{"Id":0,"Class":3,"TagBased":false,"DateEarned":"\/Date(1312220487780)\/","Name":"Revival"},{"Id":0,"Class":3,"TagBased":false,"DateEarned":"\/Date(1312310574773)\/","Name":"Tag Editor"},{"Id":0,"Class":3,"TagBased":false,"DateEarned":"\/Date(1312354985343)\/","Name":"Mortarboard"},{"Id":0,"Class":3,"TagBased":false,"DateEarned":"\/Date(1313418244040)\/","Name":"Quorum"},{"Id":0,"Class":3,"TagBased":false,"DateEarned":"\/Date(1313719633307)\/","Name":"Nice Answer"},{"Id":0,"Class":2,"TagBased":false,"DateEarned":"\/Date(1313729533163)\/","Name":"Enlightened"},{"Id":0,"Class":3,"TagBased":false,"DateEarned":"\/Date(1313959757100)\/","Name":"Promoter"},{"Id":0,"Class":3,"TagBased":false,"DateEarned":"\/Date(1314213483703)\/","Name":"Suffrage"},{"Id":0,"Class":3,"TagBased":false,"DateEarned":"\/Date(1314215584390)\/","Name":"Vox Populi"},{"Id":0,"Class":3,"TagBased":false,"DateEarned":"\/Date(1314713895000)\/","Name":"Analytical"},{"Id":0,"Class":2,"TagBased":false,"DateEarned":"\/Date(1314716897303)\/","Name":"Enthusiast"},{"Id":0,"Class":3,"TagBased":false,"DateEarned":"\/Date(1316257576547)\/","Name":"Nice Answer"},{"Id":0,"Class":2,"TagBased":false,"DateEarned":"\/Date(1316258476320)\/","Name":"Enlightened"},{"Id":0,"Class":3,"TagBased":false,"DateEarned":"\/Date(1329267630583)\/","Name":"Popular Question"},{"Id":0,"Class":3,"TagBased":false,"DateEarned":"\/Date(1330396407977)\/","Name":"Popular Question"},{"Id":0,"Class":3,"TagBased":false,"DateEarned":"\/Date(1337972724817)\/","Name":"Revival"},{"Id":0,"Class":3,"TagBased":false,"DateEarned":"\/Date(1339080345450)\/","Name":"Excavator"},{"Id":0,"Class":2,"TagBased":false,"DateEarned":"\/Date(1339600387820)\/","Name":"Civic Duty"},{"Id":0,"Class":2,"TagBased":false,"DateEarned":"\/Date(1340205970820)\/","Name":"Strunk & White"},{"Id":0,"Class":3,"TagBased":false,"DateEarned":"\/Date(1340207170943)\/","Name":"Revival"},{"Id":0,"Class":2,"TagBased":false,"DateEarned":"\/Date(1340209270900)\/","Name":"Yearling"},{"Id":0,"Class":2,"TagBased":false,"DateEarned":"\/Date(1340239269527)\/","Name":"Good Answer"},{"Id":0,"Class":3,"TagBased":false,"DateEarned":"\/Date(1340271970613)\/","Name":"Nice Answer"},{"Id":0,"Class":3,"TagBased":false,"DateEarned":"\/Date(1340340074000)\/","Name":"Nice Answer"},{"Id":0,"Class":2,"TagBased":false,"DateEarned":"\/Date(1340340674410)\/","Name":"Enlightened"},{"Id":0,"Class":3,"TagBased":false,"DateEarned":"\/Date(1340383876447)\/","Name":"Revival"},{"Id":0,"Class":1,"TagBased":false,"DateEarned":"\/Date(1341243545243)\/","Name":"Electorate"},{"Id":0,"Class":3,"TagBased":false,"DateEarned":"\/Date(1341248045917)\/","Name":"Revival"},{"Id":0,"Class":3,"TagBased":false,"DateEarned":"\/Date(1341253146217)\/","Name":"Revival"},{"Id":0,"Class":3,"TagBased":false,"DateEarned":"\/Date(1341253745537)\/","Name":"Nice Question"},{"Id":0,"Class":3,"TagBased":false,"DateEarned":"\/Date(1342116437500)\/","Name":"Nice Answer"},{"Id":0,"Class":3,"TagBased":false,"DateEarned":"\/Date(1343869834680)\/","Name":"Revival"},{"Id":0,"Class":2,"TagBased":false,"DateEarned":"\/Date(1344786534220)\/","Name":"Notable Question"},{"Id":0,"Class":3,"TagBased":false,"DateEarned":"\/Date(1346663325403)\/","Name":"Popular Question"},{"Id":0,"Class":3,"TagBased":false,"DateEarned":"\/Date(1348272815210)\/","Name":"Custodian"},{"Id":0,"Class":3,"TagBased":false,"DateEarned":"\/Date(1350869809737)\/","Name":"Custodian"},{"Id":0,"Class":3,"TagBased":false,"DateEarned":"\/Date(1351003917617)\/","Name":"Custodian"},{"Id":0,"Class":3,"TagBased":false,"DateEarned":"\/Date(1351004217360)\/","Name":"Custodian"},{"Id":0,"Class":3,"TagBased":false,"DateEarned":"\/Date(1352444996060)\/","Name":"Popular Question"},{"Id":0,"Class":2,"TagBased":false,"DateEarned":"\/Date(1352453996370)\/","Name":"Notable Question"},{"Id":0,"Class":3,"TagBased":false,"DateEarned":"\/Date(1352941190903)\/","Name":"Custodian"},{"Id":0,"Class":3,"TagBased":false,"DateEarned":"\/Date(1354078368943)\/","Name":"Caucus"},{"Id":0,"Class":2,"TagBased":false,"DateEarned":"\/Date(1354565387873)\/","Name":"Constituent"},{"Id":0,"Class":3,"TagBased":false,"DateEarned":"\/Date(1354664394020)\/","Name":"Self-Learner"},{"Id":0,"Class":3,"TagBased":false,"DateEarned":"\/Date(1354822584350)\/","Name":"Nice Question"},{"Id":0,"Class":3,"TagBased":false,"DateEarned":"\/Date(1358889710177)\/","Name":"Popular Question"},{"Id":0,"Class":2,"TagBased":false,"DateEarned":"\/Date(1359200731130)\/","Name":"Notable Question"},{"Id":0,"Class":3,"TagBased":false,"DateEarned":"\/Date(1360971276490)\/","Name":"Popular Question"},{"Id":0,"Class":2,"TagBased":false,"DateEarned":"\/Date(1362063333793)\/","Name":"Necromancer"},{"Id":0,"Class":3,"TagBased":false,